ranking_method,evaluation_model,delta_auc_mean,delta_auc_sd,p_value_mean,p_value_sd,n_seeds
Perm. Importance (RF),RF,0.27820457768038126,0.05820587742937636,0.01157684630738523,0.020325987414133283,5
Perm. Importance (RF),SynthTree,0.34577137275868675,0.0561621640394284,0.07225548902195608,0.11736968232093932,5
SHAP (RF),RF,0.30887789969620805,0.02904042933774625,0.0023952095808383233,0.0008926419071855447,5
SHAP (RF),SynthTree,0.3473342400745672,0.035355564865691934,0.04271457085828344,0.04123580521713925,5
STFI,RF,0.20661298540092038,0.04504234330445759,0.08942115768463073,0.05584186842920161,5
STFI,SynthTree,0.34406006997414484,0.024880400775844497,0.032335329341317366,0.021562429981327583,5
