dataset,model,mean,sd
Abalone,CART,2.377666457434736,0.10977913231859313
Abalone,GB,2.1774001424377083,0.06824893470708117
Abalone,LR,2.231076958683232,0.09623027196360079
Abalone,LRF,2.15828053855268,0.08241856975740858
Abalone,LRT,2.4780992490482054,0.07289091548151636
Abalone,MLP,2.1531394859784134,0.10464208766736026
Abalone,RF,2.1632724114823425,0.08224684282296689
