dataset,model,mean,sd
Servo,CART,0.34368022556416084,0.11261456275714636
Servo,GB,0.43571275140441135,0.11219942819939864
Servo,LR,1.0603780198945343,0.1263452032307969
Servo,LRF,0.40842212699350994,0.09019734716827386
Servo,LRT,1.5557380767212121,0.3581411053457945
Servo,MLP,0.7210168967397749,0.16914854398915619
Servo,RF,0.41602437839828255,0.10740578361757615
